,Vt,Vm,V0,Vform,SVA,ArtOrDet,Nn,Npos,Pform,Pref,Prep,Wci,Wa,Wform,Wtone,Srun,Smod,Spar,Sfrag,Ssub,WOinc,WOadv,Trans,Mec,Rloc-,Cit,Others,Um
weights,-0.04965232566390885,-0.25248038513916926,-0.9283735753072625,0.38809458252889906,0.051868241817282945,0.002468175253440025,0.07074304791179502,0.8136174384963583,-0.1829960410914744,0.13277088259650338,0.34301870919503963,-0.07636764747910241,0.7248138416535063,-0.003914968458688406,0.27246433443779566,0.17549747671860336,-1.05216104530172,-0.6239947701872834,1.9611289061973474,0.7211010042801638,-0.16133204904621046,-0.01867458254813596,-0.04584435094978681,0.1468714843365979,0.013062134052184204,-0.40672291146291983,0.145793989536984,-0.10982475169836393
perc_of_appearance,0.07612456747404844,0.011534025374855825,0.008073817762399077,0.0392156862745098,0.029988465974625143,0.1453287197231834,0.06920415224913495,0.0034602076124567475,0.006920415224913495,0.02191464821222607,0.04844290657439446,0.10726643598615918,0.002306805074971165,0.04267589388696655,0.014994232987312572,0.0196078431372549,0.0011534025374855825,0.008073817762399077,0.002306805074971165,0.0011534025374855825,0.00922722029988466,0.012687427912341407,0.02191464821222607,0.09111880046136102,0.11995386389850057,0.010380622837370242,0.04152249134948097,0.03344867358708189
